[
    {
        "title": "世界上最透明的故事2",
        "author": "[",
        "publisher": "皇冠",
        "price": 284,
        "isbn": "9789573343684",
        "original_url": "https://im1.book.com.tw/image/getImage?i=https://www.books.com.tw/img/001/103/72/0011037288.jpg&v=6913021fk&w=1146&h=600"
    },
    {
        "title": "明亮燦爛的你【讓比爾蓋茲深深感動的小說！】",
        "author": "[",
        "publisher": "寂寞",
        "price": 379,
        "isbn": "9786269754182",
        "original_url": "https://im2.book.com.tw/image/getImage?i=https://www.books.com.tw/img/001/098/02/0010980263.jpg&v=6940f308k&w=1146&h=600"
    },
    {
        "title": "國寶（上下套書）",
        "author": "[",
        "publisher": "新經典文化",
        "price": 525,
        "isbn": "9789869917957",
        "original_url": "https://im1.book.com.tw/image/getImage?i=https://www.books.com.tw/img/001/086/85/0010868562.jpg&v=68dbbf3bk&w=1146&h=600"
    },
    {
        "title": "絕叫【日本推理四大獎、現象級小說經典復活！】",
        "author": "[",
        "publisher": "圓神",
        "price": 315,
        "isbn": "9789861339986",
        "original_url": "https://im1.book.com.tw/image/getImage?i=https://www.books.com.tw/img/001/103/78/0011037830.jpg&v=691b69abk&w=1146&h=600"
    },
    {
        "title": "世界上最透明的故事【1+2套書】",
        "author": "[",
        "publisher": "皇冠",
        "price": 540,
        "isbn": "9789573342076",
        "original_url": "https://im1.book.com.tw/image/getImage?i=https://www.books.com.tw/img/001/103/72/0011037298.jpg&v=69130220k&w=1146&h=600"
    },
    {
        "title": "世界上最透明的故事（日本出版界話題作，只有紙本書可以體驗的感動）",
        "author": "[",
        "publisher": "皇冠",
        "price": 284,
        "isbn": "9789573342076",
        "original_url": "https://im1.book.com.tw/image/getImage?i=https://www.books.com.tw/img/001/100/14/0011001466.jpg&v=678a319ak&w=1146&h=600"
    },
    {
        "title": "深夜食堂30",
        "author": "[",
        "publisher": "新經典文化",
        "price": 189,
        "isbn": "9786267748183",
        "original_url": "https://im2.book.com.tw/image/getImage?i=https://www.books.com.tw/img/001/103/48/0011034853.jpg&v=68ecd50ek&w=1146&h=600"
    },
    {
        "title": "臺灣漫遊錄",
        "author": "[",
        "publisher": "春山出版",
        "price": 300,
        "isbn": "9789869866262",
        "original_url": "https://im2.book.com.tw/image/getImage?i=https://www.books.com.tw/img/001/085/23/0010852315.jpg&v=674451dfk&w=1146&h=600"
    },
    {
        "title": "架空犯【東野圭吾出道40週年紀念．博客來獨家蝶戀版】：《天鵝與蝙蝠》系列重磅新作！首刷限定 東野圭吾燙印簽名扉 ╳ 辦案隨身筆記！",
        "author": "[",
        "publisher": "皇冠",
        "price": 458,
        "isbn": "9789573343769",
        "original_url": "https://im2.book.com.tw/image/getImage?i=https://www.books.com.tw/img/001/104/06/0011040687.jpg&v=69413940k&w=1146&h=600"
    },
    {
        "title": "世界上最透明的故事【春季限定版】：臺日出版界話題作，只有紙本書可以體驗的感動",
        "author": "[",
        "publisher": "皇冠",
        "price": 284,
        "isbn": "9789573342786",
        "original_url": "https://im2.book.com.tw/image/getImage?i=https://www.books.com.tw/img/001/101/82/0011018239.jpg&v=67e67b5bk&w=1146&h=600"
    },
    {
        "title": "在黑暗中相遇（限量附贈「黑暗相遇」光影透卡）",
        "author": "[",
        "publisher": "皇冠",
        "price": 379,
        "isbn": "9789573343493",
        "original_url": "https://im2.book.com.tw/image/getImage?i=https://www.books.com.tw/img/001/103/33/0011033363.jpg&v=68d1252dk&w=1146&h=600"
    },
    {
        "title": "變成自己想望的大人：侯文詠的成長四部曲【實現自己】（侯文詠二○二五年全新創作！）",
        "author": "[",
        "publisher": "皇冠",
        "price": 300,
        "isbn": "9789573343202",
        "original_url": "https://im1.book.com.tw/image/getImage?i=https://www.books.com.tw/img/001/102/48/0011024834.jpg&v=68592d2dk&w=1146&h=600"
    },
    {
        "title": "小王子（暢銷80年法文直譯全新插畫版，每個有夢想的人，都有一本小王子，讀了本書才知道，真正重要的東西，眼睛是看不見的，只有用心才能看得清楚）",
        "author": "[",
        "publisher": "布克文化",
        "price": 210,
        "isbn": "9786267431849",
        "original_url": "https://im2.book.com.tw/image/getImage?i=https://www.books.com.tw/img/001/099/33/0010993373.jpg&v=66a08453k&w=1146&h=600"
    },
    {
        "title": "人生得遇蘇東坡：破億播放量意公子帶來一堂豁達生命課（隨書珍藏〈寒食帖〉全彩拉頁）",
        "author": "[",
        "publisher": "三采",
        "price": 395,
        "isbn": "9786263587243",
        "original_url": "https://im1.book.com.tw/image/getImage?i=https://www.books.com.tw/img/001/102/68/0011026864.jpg&v=6874dd4ck&w=1146&h=600"
    },
    {
        "title": "深夜的栗子：本屋大賞作家小川糸的此時此刻，記錄「活著真好」的瞬間。【首刷附贈｜小川糸印刷簽名扉頁】",
        "author": "[",
        "publisher": "皇冠",
        "price": 284,
        "isbn": "9789573343714",
        "original_url": "https://im1.book.com.tw/image/getImage?i=https://www.books.com.tw/img/001/103/80/0011038054.jpg&v=69572111k&w=1146&h=600"
    },
    {
        "title": "像這樣的小事",
        "author": "[",
        "publisher": "時報出版",
        "price": 240,
        "isbn": "9786263969902",
        "original_url": "https://im2.book.com.tw/image/getImage?i=https://www.books.com.tw/img/001/100/60/0011006097.jpg&v=67600f3ak&w=1146&h=600"
    },
    {
        "title": "銀雪輪舞曲：日本上市10天銷售突破100萬冊！東野圭吾「雪地三部曲」承先啟後的現象級之作！",
        "author": "[",
        "publisher": "皇冠",
        "price": 355,
        "isbn": "9789573343608",
        "original_url": "https://im2.book.com.tw/image/getImage?i=https://www.books.com.tw/img/001/103/50/0011035081.jpg&v=68efe82ak&w=1146&h=600"
    },
    {
        "title": "蕉葉與樹的約定",
        "author": "[",
        "publisher": "鏡文學",
        "price": 371,
        "isbn": "9786267739037",
        "original_url": "https://im2.book.com.tw/image/getImage?i=https://www.books.com.tw/img/001/102/46/0011024609.jpg&v=6853e6b4k&w=1146&h=600"
    },
    {
        "title": "殺戮之月（哈利警探系列13）【作者印簽收藏版】",
        "author": "[",
        "publisher": "漫遊者文化",
        "price": 434,
        "isbn": "9786264091640",
        "original_url": "https://im2.book.com.tw/image/getImage?i=https://www.books.com.tw/img/001/103/84/0011038421.jpg&v=69204e79k&w=1146&h=600"
    },
    {
        "title": "進烤箱的好日子",
        "author": "[",
        "publisher": "自轉星球文化",
        "price": 331,
        "isbn": "9789869202176",
        "original_url": "https://im1.book.com.tw/image/getImage?i=https://www.books.com.tw/img/001/099/36/0010993694.jpg&v=667bedbak&w=1146&h=600"
    },
    {
        "title": "把日子慢慢變好",
        "author": "[",
        "publisher": "三采",
        "price": 331,
        "isbn": "9786263585003",
        "original_url": "https://im1.book.com.tw/image/getImage?i=https://www.books.com.tw/img/001/100/33/0011003340.jpg&v=67e285aak&w=1146&h=600"
    },
    {
        "title": "戀路旅館：那些在心底開枝散葉的印記（博客來獨家！初戀在穗高—綠意盎然書衣）",
        "author": "[",
        "publisher": "遠流",
        "price": 331,
        "isbn": "4719025013051",
        "original_url": "https://im1.book.com.tw/image/getImage?i=https://www.books.com.tw/img/001/103/77/0011037718.jpg&v=691b69b2k&w=1146&h=600"
    },
    {
        "title": "我所知道的花【親筆簽名書】：本屋大賞得主町田苑香最讓人感動落淚的作品！（首刷限量附贈「以花寄語」繁花書籤）",
        "author": "[",
        "publisher": "皇冠",
        "price": 355,
        "isbn": "9789573343790",
        "original_url": "https://im2.book.com.tw/image/getImage?i=https://www.books.com.tw/img/001/104/06/0011040679.jpg&v=694277b3k&w=1146&h=600"
    },
    {
        "title": "召喚之家：被虛無的家喚來 (作者 親簽版)",
        "author": "[",
        "publisher": "瑞昇",
        "price": 400,
        "isbn": "9789864018659",
        "original_url": "https://im1.book.com.tw/image/getImage?i=https://www.books.com.tw/img/001/103/91/0011039124.jpg&v=6929ea29k&w=1146&h=600"
    },
    {
        "title": "百年孤寂：首度正式授權繁體中文版！出版50週年紀念全新譯本【平裝典藏版】",
        "author": "[",
        "publisher": "皇冠",
        "price": 355,
        "isbn": "9789573333562",
        "original_url": "https://im1.book.com.tw/image/getImage?i=https://www.books.com.tw/img/001/077/84/0010778418.jpg&v=5a6ef806k&w=1146&h=600"
    },
    {
        "title": "海邊的房間（一輪復刻版）",
        "author": "[",
        "publisher": "時報出版",
        "price": 331,
        "isbn": "9786263965126",
        "original_url": "https://im1.book.com.tw/image/getImage?i=https://www.books.com.tw/img/001/099/39/0010993922.jpg&v=669e3512k&w=1146&h=600"
    },
    {
        "title": "【限量親簽】沒有愛情的月老廟：愛情突然降臨的瞬間",
        "author": "[",
        "publisher": "三采",
        "price": 331,
        "isbn": "4711528701015",
        "original_url": "https://im1.book.com.tw/image/getImage?i=https://www.books.com.tw/img/001/104/01/0011040110.jpg&v=693a8c5ak&w=1146&h=600"
    }
]