[
    {
        "title": "深入淺出 Python, 3/e (Head First Python: A Learner's Guide to the Fundamentals of Python Programming, A Brain-Friendly Guide, 3/e)",
        "author": "未知作者",
        "publisher": "歐萊禮",
        "price": 948,
        "isbn": "9786264252096",
        "original_url": "https://cf-assets2.tenlong.com.tw/products/images/000/249/798/original/A734.jpg?1764751162"
    },
    {
        "title": "商務大數據分析：案例分析與 AI 應用趨勢, 2/e",
        "author": "未知作者",
        "publisher": "全華圖書",
        "price": 405,
        "isbn": "9786264015882",
        "original_url": "https://cf-assets2.tenlong.com.tw/products/images/000/250/880/original/9786264015882.jpg?1767086572"
    },
    {
        "title": "高效能 Python 程式設計｜寫給人類的高性能編程法, 3/e (High Performance Python: Practical Performant Programming for Humans, 3/e)",
        "author": "未知作者",
        "publisher": "歐萊禮",
        "price": 774,
        "isbn": "9786264252003",
        "original_url": "https://cf-assets2.tenlong.com.tw/products/images/000/249/582/original/A809.jpg?1764318147"
    },
    {
        "title": "程式人的第一本 Python 量化投資筆記：Colab 即時演練 × Backtrader 策略設計到績效評估全流程（iThome鐵人賽系列書）",
        "author": "未知作者",
        "publisher": "博碩",
        "price": 468,
        "isbn": "9786264143646",
        "original_url": "https://cf-assets2.tenlong.com.tw/products/images/000/249/138/original/9786264143646_bc.jpg?1763624274"
    },
    {
        "title": "從零開始學 Python 程式設計（ChatGPT 5加強版）（適用Python 3.10以上）",
        "author": "未知作者",
        "publisher": "博碩",
        "price": 608,
        "isbn": "9786264143677",
        "original_url": "https://cf-assets2.tenlong.com.tw/products/images/000/249/493/original/9786264143677_bc.jpg?1764129402"
    },
    {
        "title": "Python 運算思維 : Google Colab x Gemini AI - 「零基礎」x「高效率」學「程式設計」",
        "author": "未知作者",
        "publisher": "深智",
        "price": 624,
        "isbn": "9786267757550",
        "original_url": "https://cf-assets2.tenlong.com.tw/products/images/000/249/037/original/DM2595_banner_%E5%A4%A9%E7%93%8F.jpg?1763437190"
    },
    {
        "title": "AI 助攻！Python 最強學習法｜跟 ChatGPT 一起寫程式、練邏輯、做專案",
        "author": "未知作者",
        "publisher": "碁峰資訊",
        "price": 435,
        "isbn": "9786264252058",
        "original_url": "https://cf-assets2.tenlong.com.tw/products/images/000/248/908/original/AEL028400.jpg?1763093036"
    },
    {
        "title": "從數學開始的 AI，基礎數學與 Python 實作：機率×卷積×池化……從核心數學概念到程式應用，學會AI背後的邏輯與演算法基礎",
        "author": "未知作者",
        "publisher": "沐燁",
        "price": 408,
        "isbn": "9786267708866",
        "original_url": "https://cf-assets2.tenlong.com.tw/products/images/000/249/143/original/9786267708866.webp?1763631111"
    },
    {
        "title": "Cpython: A Complete Guide to Cpython's Architecture and Performance\n\n            暫譯: CPython：CPython 架構與性能的完整指南",
        "author": "未知作者",
        "publisher": "Apress",
        "price": 2052,
        "isbn": "9798868817687",
        "original_url": "https://cf-assets2.tenlong.com.tw/ig/030/542/683/9798868817687.jpg?1764036584"
    },
    {
        "title": "Python 極客實驗室 ｜程式設計師的奇想計畫, 2/e (Python Playground : Geeky Projects for the Curious Programmer, 2/e)",
        "author": "未知作者",
        "publisher": "碁峰資訊",
        "price": 537,
        "isbn": "9786264251952",
        "original_url": "https://cf-assets2.tenlong.com.tw/products/images/000/247/709/original/ACL068700.jpg?1761200278"
    },
    {
        "title": "Automate the Boring Stuff with Python Workbook: Projects and Exercises to Sharpen Your Python Skills\n\n            暫譯: 用 Python 自動化無聊的工作手冊：專案與練習提升你的 Python 技能",
        "author": "未知作者",
        "publisher": "No Starch Press",
        "price": 1425,
        "isbn": "9781718504509",
        "original_url": "https://cf-assets2.tenlong.com.tw/ig/029/889/677/9781718504509.jpg?1762216011"
    },
    {
        "title": "Advanced Snowflake: Processing Data, Developing Applications, and Deploying ML Models at Scale\n\n            暫譯: 進階 Snowflake：數據處理、應用程式開發與大規模部署 ML 模型",
        "author": "未知作者",
        "publisher": "O'Reilly",
        "price": 2375,
        "isbn": "9781098170219",
        "original_url": "https://cf-assets2.tenlong.com.tw/ig/029/853/629/9781098170219.jpg?1747107479"
    },
    {
        "title": "Coding for Dummies, All New Edition\n\n            暫譯: 程式設計入門，全面新修版",
        "author": "未知作者",
        "publisher": "For Dummies",
        "price": 1026,
        "isbn": "9781394365562",
        "original_url": "https://cf-assets2.tenlong.com.tw/ig/030/179/512/9781394365562.jpg?1757388200"
    },
    {
        "title": "計量經濟學導論II其他（含時間序列篇）：使用 Python 語言",
        "author": "未知作者",
        "publisher": "五南",
        "price": 522,
        "isbn": "9786264239097",
        "original_url": "https://cf-assets2.tenlong.com.tw/products/images/000/247/720/original/1MCV.gif?1761208839"
    },
    {
        "title": "超圖解 Python 程式設計 -- 從入門、網頁應用、YOLO 到生成式 AI 實作",
        "author": "未知作者",
        "publisher": "旗標",
        "price": 631,
        "isbn": "9789863128496",
        "original_url": "https://cf-assets2.tenlong.com.tw/products/images/000/247/042/original/9789863128496_%E5%A4%A9%E7%93%8F.jpg?1759916495"
    },
    {
        "title": "Introducing Python: Modern Computing in Simple Packages\n\n            暫譯: 介紹 Python：簡單包裝的現代計算",
        "author": "未知作者",
        "publisher": "O'Reilly",
        "price": 1805,
        "isbn": "9781098174408",
        "original_url": "https://cf-assets2.tenlong.com.tw/ig/029/978/900/9781098174408.jpg?1747107424"
    },
    {
        "title": "Investing for Programmers\n\n            暫譯: 程式設計師的投資指南",
        "author": "未知作者",
        "publisher": "Manning",
        "price": 2166,
        "isbn": "9781633435803",
        "original_url": "https://cf-assets2.tenlong.com.tw/ig/030/640/637/9781633435803.jpg?1760408911"
    },
    {
        "title": "Clean Code：Python 寫乾淨程式碼 - 告別技術債，不再為爛程式加班收爛攤",
        "author": "未知作者",
        "publisher": "深智",
        "price": 569,
        "isbn": "9786267757352",
        "original_url": "https://cf-assets2.tenlong.com.tw/products/images/000/246/179/original/DM2580_banner_%E5%A4%A9%E7%93%8F.jpg?1758620441"
    },
    {
        "title": "Getting Started with Taipy: The definitive guide to creating production-ready Python applications for data professionals\n\n            暫譯: 開始使用 Taipy：為數據專業人士打造生產就緒 Python 應用程序的權威指南",
        "author": "未知作者",
        "publisher": "Packt Publishing",
        "price": 1587,
        "isbn": "9781836203810",
        "original_url": "https://cf-assets2.tenlong.com.tw/ig/031/042/147/9781836203810.jpg?1759191999"
    },
    {
        "title": "Think Python｜學習程式設計的思考概念, 3/e (Think Python: How to Think Like a Computer Scientist, 3/e)",
        "author": "未知作者",
        "publisher": "歐萊禮",
        "price": 569,
        "isbn": "9786264251587",
        "original_url": "https://cf-assets2.tenlong.com.tw/products/images/000/245/940/original/A784.jpg?1758162783"
    },
    {
        "title": "Python 建模與仿真",
        "author": "未知作者",
        "publisher": "機械工業",
        "price": 507,
        "isbn": "9787111790327",
        "original_url": "https://cf-assets2.tenlong.com.tw/products/images/000/247/340/original/9787111790327.jpg?1760409722"
    },
    {
        "title": "看漫畫學 Python：有趣、有料、好玩、好用, 3/e (全彩)",
        "author": "未知作者",
        "publisher": "電子工業",
        "price": 621,
        "isbn": "9787121512988",
        "original_url": "https://cf-assets2.tenlong.com.tw/products/images/000/246/284/original/9787121512988.jpg?1758856607"
    },
    {
        "title": "利用Python學習數理邏輯",
        "author": "未知作者",
        "publisher": "機械工業",
        "price": 507,
        "isbn": "9787111789666",
        "original_url": "https://cf-assets2.tenlong.com.tw/products/images/000/247/339/original/97875168417471.jpg?1760409277"
    },
    {
        "title": "Python語言程序設計（基礎篇）（原書第3版）",
        "author": "未知作者",
        "publisher": "機械工業",
        "price": 735,
        "isbn": "9787111792529",
        "original_url": "https://cf-assets2.tenlong.com.tw/products/images/000/248/381/original/9787111792529.jpg?1762228988"
    },
    {
        "title": "高頻算法設計(基於Python語言)",
        "author": "未知作者",
        "publisher": "中國水利水電出版社",
        "price": 458,
        "isbn": "9787522636832",
        "original_url": "https://cf-assets2.tenlong.com.tw/products/images/000/248/567/original/9787522636832.jpg?1762490035"
    },
    {
        "title": "利用Python學習統計分析",
        "author": "未知作者",
        "publisher": "中國水利水電出版社",
        "price": 305,
        "isbn": "9787522620794",
        "original_url": "https://cf-assets2.tenlong.com.tw/products/images/000/248/383/original/9787522620794.jpg?1762230571"
    },
    {
        "title": "Python編程快速上手——讓煩瑣工作自動化（第3版）",
        "author": "未知作者",
        "publisher": "人民郵電",
        "price": 626,
        "isbn": "9787115684882",
        "original_url": "https://cf-assets2.tenlong.com.tw/products/images/000/250/053/original/9787115684882.jpg?1765338954"
    },
    {
        "title": "APCS 大學程式設計先修檢測：Python 超效解題致勝祕笈 (題庫加強版)",
        "author": "未知作者",
        "publisher": "博碩",
        "price": 351,
        "isbn": "9786264143042",
        "original_url": "https://cf-assets2.tenlong.com.tw/products/images/000/246/060/original/MP22553__bc.jpg?1758527791"
    },
    {
        "title": "Python for Excel Users: Know Excel? You Can Learn Python\n\n            暫譯: Excel 使用者的 Python：會 Excel 嗎？你也能學會 Python",
        "author": "未知作者",
        "publisher": "No Starch Press",
        "price": 1748,
        "isbn": "9781718503984",
        "original_url": "https://cf-assets2.tenlong.com.tw/ig/029/542/533/9781718503984.jpg?1751338047"
    },
    {
        "title": "Python 程式設計與數理學科應用：打造程式×學習歷程成果 - 最新版 - 附贈 MOSME",
        "author": "未知作者",
        "publisher": "台科大圖書出版社",
        "price": 432,
        "isbn": "9789866720741",
        "original_url": "https://cf-assets2.tenlong.com.tw/products/images/000/246/231/original/9789866720741.webp?1758784129"
    },
    {
        "title": "Statistics Every Programmer Needs\n\n            暫譯: 每位程式設計師必備的統計學",
        "author": "未知作者",
        "publisher": "Manning",
        "price": 2660,
        "isbn": "9781633436053",
        "original_url": "https://cf-assets2.tenlong.com.tw/ig/029/999/860/9781633436053.jpg?1755566941"
    },
    {
        "title": "AI + Python 醫學數據分析實踐",
        "author": "未知作者",
        "publisher": "清華大學",
        "price": 455,
        "isbn": "9787302699187",
        "original_url": "https://cf-assets2.tenlong.com.tw/products/images/000/244/256/original/112711-01.webp?1755315864"
    },
    {
        "title": "漫畫Python編程入門（全彩版）",
        "author": "未知作者",
        "publisher": "電子工業",
        "price": 564,
        "isbn": "9787121511769",
        "original_url": "https://cf-assets2.tenlong.com.tw/products/images/000/245/419/original/9787121511769.jpg?1757042110"
    },
    {
        "title": "AIGC高效編程：Python從入門到高手",
        "author": "未知作者",
        "publisher": "清華大學",
        "price": 512,
        "isbn": "9787302701651",
        "original_url": "https://cf-assets2.tenlong.com.tw/products/images/000/247/440/original/111709-01.webp?1760762788"
    },
    {
        "title": "Python+Excel:輕松玩轉數據分析",
        "author": "未知作者",
        "publisher": "中國水利水電出版社",
        "price": 365,
        "isbn": "9787522636375",
        "original_url": "https://cf-assets2.tenlong.com.tw/products/images/000/246/472/original/9787522636375.jpg?1759203028"
    },
    {
        "title": "AI+Python辦公自動化，讓效率飛起來",
        "author": "未知作者",
        "publisher": "清華大學",
        "price": 512,
        "isbn": "9787302700890",
        "original_url": "https://cf-assets2.tenlong.com.tw/products/images/000/247/442/original/109627-01.webp?1760762662"
    },
    {
        "title": "Python圖像處理與分析實戰",
        "author": "未知作者",
        "publisher": "化學工業",
        "price": 559,
        "isbn": "9787122489449",
        "original_url": "https://cf-assets2.tenlong.com.tw/products/images/000/248/148/original/9787122489449.jpg?1761879743"
    },
    {
        "title": "利用Python學習數據分析",
        "author": "未知作者",
        "publisher": "中國水利水電出版社",
        "price": 356,
        "isbn": "9787522617251",
        "original_url": "https://cf-assets2.tenlong.com.tw/products/images/000/248/367/original/9787522617251.jpg?1762224247"
    },
    {
        "title": "從零開始學 Python 程式設計, 6/e (暢銷回饋版)(適用 Python 3.10 以上)",
        "author": "未知作者",
        "publisher": "博碩",
        "price": 562,
        "isbn": "9786264142977",
        "original_url": "https://cf-assets2.tenlong.com.tw/products/images/000/244/605/original/ET32503_bc.jpg?1755749678"
    },
    {
        "title": "Palo Alto Networks from Policy to Code: Automate PAN-OS security policies with Python precision\n\n            暫譯: Palo Alto Networks 從政策到程式碼：以 Python 精準自動化 PAN-OS 安全政策",
        "author": "未知作者",
        "publisher": "Packt Publishing",
        "price": 1558,
        "isbn": "9781835881286",
        "original_url": "https://cf-assets2.tenlong.com.tw/ig/030/889/414/9781835881286.jpg?1756784655"
    },
    {
        "title": "從資料處理到圖論實踐 ― 用 Python 及 AI 最強工具預測分析",
        "author": "未知作者",
        "publisher": "深智",
        "price": 1011,
        "isbn": "9786267757147",
        "original_url": "https://cf-assets2.tenlong.com.tw/products/images/000/243/789/original/DM2562_banner_%E5%A4%A9%E7%93%8F.png?1754363957"
    },
    {
        "title": "史上最強 Python 入門邁向頂尖高手 - 王者歸來, 4/e (全彩印刷)",
        "author": "未知作者",
        "publisher": "深智",
        "price": 948,
        "isbn": "9786267757222",
        "original_url": "https://cf-assets2.tenlong.com.tw/products/images/000/243/183/original/DM2565_banner_%E5%A4%A9%E7%93%8F.jpg?1753275136"
    },
    {
        "title": "Python 線性代數及編程實踐",
        "author": "未知作者",
        "publisher": "中國水利水電出版社",
        "price": 469,
        "isbn": "9787522618241",
        "original_url": "https://cf-assets2.tenlong.com.tw/products/images/000/244/479/original/9787522618241.jpg?1755571784"
    },
    {
        "title": "AI 驅動開發：企業級機器學習與自動化編程實戰\n            AI-Assisted Programming for Web and Machine Learning: Improve your development workflow with ChatGPT and GitHub Copilot",
        "author": "未知作者",
        "publisher": "機械工業",
        "price": 792,
        "isbn": "9787111787204",
        "original_url": "https://cf-assets2.tenlong.com.tw/products/images/000/244/879/original/9787111787204.jpg?1756347114"
    },
    {
        "title": "速通！深度學習的數學基礎",
        "author": "未知作者",
        "publisher": "人民郵電",
        "price": 393,
        "isbn": "9787115650023",
        "original_url": "https://cf-assets2.tenlong.com.tw/products/images/000/243/577/original/65002lt.webp?1754398675"
    },
    {
        "title": "ChatGPT玩轉數據分析：從基礎入門到項目實踐",
        "author": "未知作者",
        "publisher": "清華大學",
        "price": 401,
        "isbn": "9787302699149",
        "original_url": "https://cf-assets2.tenlong.com.tw/products/images/000/244/804/original/108988-01.webp?1756186175"
    },
    {
        "title": "機器學習 — 從線性回歸到大模型",
        "author": "未知作者",
        "publisher": "北京大學",
        "price": 296,
        "isbn": "9787301364239",
        "original_url": "https://cf-assets2.tenlong.com.tw/products/images/000/246/225/original/9787301364239.jpg?1758774546"
    },
    {
        "title": "矽谷頂尖 Python 工程師面試攻略｜資料結構、演算法、系統設計",
        "author": "未知作者",
        "publisher": "碁峰資訊",
        "price": 474,
        "isbn": "9786264250078",
        "original_url": "https://cf-assets2.tenlong.com.tw/products/images/000/242/610/original/ACL071900.jpg?1752485817"
    },
    {
        "title": "FLAG'S 創客‧自造者工作坊 跟 AI 一起用 Python 設計 AIoT 物聯網美好日常",
        "author": "未知作者",
        "publisher": "旗標",
        "price": 1184,
        "isbn": "4712946750951",
        "original_url": "https://cf-assets2.tenlong.com.tw/products/images/000/242/589/original/4712946750951_%E5%A4%A9%E7%93%8F.jpg?1752465631"
    },
    {
        "title": "Graph Machine Learning - Second Edition: Learn about the latest advancements in graph data to build robust machine learning models\n\n            暫譯: 圖形機器學習（第二版）：了解圖形數據的最新進展，以構建穩健的機器學習模型",
        "author": "未知作者",
        "publisher": "Packt Publishing",
        "price": 1853,
        "isbn": "9781803248066",
        "original_url": "https://cf-assets2.tenlong.com.tw/ig/030/577/959/9781803248066.jpg?1753148104"
    },
    {
        "title": "Financial Data Science (Hardcover)\n\n            暫譯: 金融數據科學 (精裝版)",
        "author": "未知作者",
        "publisher": "Cambridge",
        "price": 2831,
        "isbn": "9781009432245",
        "original_url": "https://cf-assets2.tenlong.com.tw/ig/030/462/584/9781009432245.jpg?1750124653"
    },
    {
        "title": "Python 打包與發布\n            Publishing Python Packages: Test, Share, and Automate Your Projects",
        "author": "未知作者",
        "publisher": "清華大學",
        "price": 398,
        "isbn": "9787302694007",
        "original_url": "https://cf-assets2.tenlong.com.tw/products/images/000/243/385/original/100098-01.webp?1754652090"
    },
    {
        "title": "多模態數據分析：AGI 時代的數據分析方法與實踐",
        "author": "未知作者",
        "publisher": "電子工業",
        "price": 616,
        "isbn": "9787121505904",
        "original_url": "https://cf-assets2.tenlong.com.tw/products/images/000/242/461/original/9787121505904.jpg?1752034597"
    },
    {
        "title": "Python 數據分析師成長之路",
        "author": "未知作者",
        "publisher": "清華大學",
        "price": 507,
        "isbn": "9787302694779",
        "original_url": "https://cf-assets2.tenlong.com.tw/products/images/000/243/077/original/107745-01.webp?1753252544"
    },
    {
        "title": "基於 MATLAB 和 Python 的動態系統建模與仿真實例",
        "author": "未知作者",
        "publisher": "機械工業",
        "price": 507,
        "isbn": "9787111779896",
        "original_url": "https://cf-assets2.tenlong.com.tw/products/images/000/242/600/original/9787111779896.jpg?1752472393"
    },
    {
        "title": "Python應用技巧速查手冊302",
        "author": "未知作者",
        "publisher": "中國水利水電出版社",
        "price": 616,
        "isbn": "9787522625249",
        "original_url": "https://cf-assets2.tenlong.com.tw/products/images/000/244/478/original/9787522625249.jpg?1755571659"
    },
    {
        "title": "Python程序設計（慕課版）（第2版）AIGC高效編程",
        "author": "未知作者",
        "publisher": "人民郵電",
        "price": 398,
        "isbn": "9787115668752",
        "original_url": "https://cf-assets2.tenlong.com.tw/products/images/000/242/406/original/66875lt.webp?1752069327"
    },
    {
        "title": "Python全棧開發——Web編程",
        "author": "未知作者",
        "publisher": "清華大學",
        "price": 403,
        "isbn": "9787302693444",
        "original_url": "https://cf-assets2.tenlong.com.tw/products/images/000/242/873/original/093016-01.webp?1752830902"
    },
    {
        "title": "Certiport ITS Python 程式語言核心能力國際認證應考攻略, 2/e",
        "author": "未知作者",
        "publisher": "碁峰資訊",
        "price": 237,
        "isbn": "9786264250870",
        "original_url": "https://cf-assets2.tenlong.com.tw/products/images/000/241/081/original/AET001331.jpg?1750126069"
    },
    {
        "title": "Intermediate Python and Large Language Models\n\n            暫譯: 中階 Python 與大型語言模型",
        "author": "未知作者",
        "publisher": "Apress",
        "price": 1910,
        "isbn": "9798868814747",
        "original_url": "https://cf-assets2.tenlong.com.tw/ig/029/874/130/9798868814747.jpg?1751331395"
    }
]